group,item,inflection,1_image,2_image,narrator_image,narrator_audio,peppa_video
1,1,prac,filerannoulafoustani01.png,filerannoulafoustani02.png,narrator.png,pracforemaFH.mp3,kitrinoforema.mp4
1,2,prac,PracticempalaH.png,PracticempalaF.png,narrator.png,prac_piasetibala.mp3,piasebalareq.mp4
1,3,prac,fillerPleneiElefant.png,fillerPleneiMaimou.png,narrator.png,filler_bravopuplenis.mp3,bravosupuplenis.mp4
1,4,prac,kounoupinopapiaF.png,kounoupipapiaH.png,narrator.png,papieskounoupi.mp3,kunupi.mp4
