group,item,inflection,1_image,2_image,narrator_image,narrator_audio,peppa_video
1,1,can,dentroGataH.png,dentroGataF.png,narrator.png,c_dentro_gatakiaHF.mp3,borisnaanevis.mp4
1,2,must,dentroSkiourosH.png,dentroSkiourosF.png,narrator.png,c_dentro_skiurakiaHF.mp3,prepinaanevis.mp4
1,3,RMnpa,kapeloGourouniH.png,kapeloGourouniF.png,narrator.png,i_kapelo_gurunakiHF.mp3,valekapeloreq.mp4
1,4,Vnpa,kapeloArkoudosH.png,kapeloArkoudosF.png,narrator.png,i_kapelo_arkudakiaHF.mp3,valekapeloperm.mp4
1,5,RMnpa,parathiroGataF.png,parathiroGataH.png,narrator.png,i_parathiro_gatakiFH.mp3,aniksereq.mp4
1,6,filler,fillerFiogkos.png,fillerFiogkosNo.png,narrator.png,filler_gatules_fiogkos.mp3,fiogkos.mp4
1,7,Vnpa,parathiroSkilosF.png,parathiroSkilosH.png,narrator.png,i_parathiro_skilakiaFH.mp3,anikseperm.mp4
1,8,Vnpa,podilatoPapiaF.png,podilatoPapiaH.png,narrator.png,i_podilato_papiaFH.mp3,odigideperm.mp4
1,9,RMnpa,podilatoProvatoF.png,podilatoProvatoH.png,narrator.png,i_podilato_provatakiFH.mp3,odigisereq.mp4
1,10,Vnpa,lampaAgorakiH.png,lampaAgorakiF.png,narrator.png,i_lamba_agorakiHF.mp3,anapseperm.mp4
1,11,RMnpa,lampaKoritsakiH.png,lampaKoritsakiF.png,narrator.png,i_lamba_koritsakiaHF.mp3,anapsereq.mp4
1,12,RMnpa,marmeladaArkoudaH.png,marmeladaArkoudaF.png,narrator.png,i_marmelada_arkudakiaHF.mp3,dokimasereq.mp4
1,13,Vnpa,marmeladaPontikiH.png,marmeladaPontikiF.png,narrator.png,i_marmelada_pontikakiaHF.mp3,dokimaseperm.mp4
1,14,Vnpa,bananaMaimouF.png,bananaMaimouH.png,narrator.png,i_banana_maimuditsesFH.mp3,faeperm.mp4
1,15,RMnpa,bananaElephantF.png,bananaElephantH.png,narrator.png,i_banana_elefantakiaFH.mp3,faereq.mp4
1,16,can,kouklitsaKoritsakiaaH.png,kouklitsaKoritsakiaaF.png,narrator.png,c_kukla_koritsakiaaHF.mp3,borisnaplinis.mp4
1,17,must,kouklitsaKoritsakiH.png,kouklitsaKoritsakiF.png,narrator.png,c_kukla_koritsakiHF.mp3,prepinaplinis.mp4
1,18,can,kourtinaElephantF.png,kourtinaElephantH.png,narrator.png,c_kurtina_elefantiakiaFH.mp3,borisnatraviksis.mp4
1,19,must,kourtinaKotaF.png,kourtinaKotaH.png,narrator.png,c_kurtina_kotulesFH.mp3,prepinatraviksis.mp4
1,20,must,portokaladaPapiaF.png,portokaladaPapiaH.png,narrator.png,c_portokalada_papiaFH.mp3,prepinapiis.mp4
1,21,can,portokaladaPontikiF.png,portokaladaPontikiH.png,narrator.png,c_portokalada_pondikakiaFH.mp3,borisnapiis.mp4
1,22,must,spitakiSkilosH.png,spitakiSkilosF.png,narrator.png,c_spitaki_skilakiaHF.mp3,prepinabis.mp4
1,23,can,spitakiSkiourosH.png,spitakiSkiourosF.png,narrator.png,c_spitaki_skiurakiaHF.mp3,borisnabis.mp4
1,24,must,xmasstreeAgorakiF.png,xmasstreeAgorakiH.png,narrator.png,c_xristugena_agorakiaFH.mp3,prepinavalis.mp4
1,25,can,xmasstreeKoritsakiF.png,xmasstreeKoritsakiH.png,narrator.png,c_xristugena_koritsakiaFH.mp3,borisnavalis.mp4
1,26,filler,filerAgelBag.png,filerAgelNoBag.png,narrator.png,filler_ageladitses.mp3,tsada.mp4
1,27,filler,filerkyklous.png,filerkardoules.png,narrator.png,filler_kardules.mp3,kardules.mp4
1,28,filler,fillerFiogkosNo.png,fillerFiogkos.png,narrator.png,filler_gatules_fiogkos.mp3,fiogkos.mp4
1,29,filler,filerNokaskolpiguin.png,filerkaskolPiguin.png,narrator.png,filler_piguini.mp3,kaskol.mp4
1,30,filler,fillerMaimouBell.png,fillerMaimouNobell.png,narrator.png,filler_kremeteura.mp3,kremeteura.mp4
